{
  "final_loss": 4.918984269352222e-06,
  "epoch_losses": [
    0.22730580030719283,
    0.0011210224493406714,
    0.0003388201876077801,
    0.00015250693290363415,
    7.909915870550322e-05,
    4.350606016396341e-05,
    2.464009078903473e-05,
    1.4233515006708331e-05,
    8.33821855712813e-06,
    4.918984269352222e-06
  ],
  "train_correct": 1000,
  "train_total": 1000,
  "train_exact_match": 1.0,
  "test_correct": 100,
  "test_total": 100,
  "test_exact_match": 1.0,
  "test_char_accuracy": 1.0,
  "parameter_count": 1128719,
  "duration_seconds": 202.33218075000332
}
