{
  "final_loss": 0.001122916229069233,
  "epoch_losses": [
    1.3258696689605713,
    0.24336439949274064,
    0.02772337883710861,
    0.01440669172629714,
    0.004913942975923419,
    0.0029236216358840468,
    0.002134258910082281,
    0.0016710173236206174,
    0.0013534028371796011,
    0.001122916229069233
  ],
  "train_correct": 1000,
  "train_total": 1000,
  "train_exact_match": 1.0,
  "test_correct": 100,
  "test_total": 100,
  "test_exact_match": 1.0,
  "test_char_accuracy": 1.0,
  "parameter_count": 1128719,
  "duration_seconds": 6.378862083074637
}
