{
  "final_loss": 0.07403160813450814,
  "epoch_losses": [
    1.426987069606781,
    0.7449644026756287,
    0.6101052379608154,
    0.5052232058048248,
    0.4057417287826538,
    0.29714476203918455,
    0.20387079954147339,
    0.13817543709278107,
    0.09831812769174576,
    0.07403160813450814
  ],
  "train_correct": 876,
  "train_total": 1000,
  "train_exact_match": 0.876,
  "test_correct": 82,
  "test_total": 100,
  "test_exact_match": 0.82,
  "test_char_accuracy": 0.967,
  "parameter_count": 800270,
  "duration_seconds": 2.796670834068209
}
