{
  "final_loss": 0.00120578433573246,
  "epoch_losses": [
    1.268884612083435,
    0.19840005442500114,
    0.019225484773516655,
    0.006551096957176924,
    0.004017662042751908,
    0.002892292283475399,
    0.0022123175375163553,
    0.001760500249452889,
    0.0014405137449502944,
    0.00120578433573246
  ],
  "train_correct": 1000,
  "train_total": 1000,
  "train_exact_match": 1.0,
  "test_correct": 100,
  "test_total": 100,
  "test_exact_match": 1.0,
  "test_char_accuracy": 1.0,
  "parameter_count": 996878,
  "duration_seconds": 4.202465417096391
}
