{
  "final_loss": 0.4411461527347565,
  "epoch_losses": [
    1.2831558113098145,
    0.7675983538627624,
    0.6783213653564453,
    0.6214407892227173,
    0.580066722869873,
    0.5371508274078369,
    0.5032959418296814,
    0.4761550233364105,
    0.4557737009525299,
    0.4411461527347565
  ],
  "train_correct": 9,
  "train_total": 1000,
  "train_exact_match": 0.009,
  "test_correct": 0,
  "test_total": 100,
  "test_exact_match": 0.0,
  "test_char_accuracy": 0.699,
  "parameter_count": 273934,
  "duration_seconds": 1.9072808750206605
}
