{
  "final_loss": 0.05646443502069451,
  "epoch_losses": [
    0.6430166417509318,
    0.25980105284415184,
    0.16116072173183785,
    0.13065900897607208,
    0.11702523385733365,
    0.10935632769111545,
    0.08648261097469367,
    0.07664594462607056,
    0.06991640098870266,
    0.05646443502069451
  ],
  "train_correct": 812,
  "train_total": 1000,
  "train_exact_match": 0.812,
  "test_correct": 76,
  "test_total": 100,
  "test_exact_match": 0.76,
  "test_char_accuracy": 0.961,
  "parameter_count": 800270,
  "duration_seconds": 118.8557615000027
}
