{
  "final_loss": 0.0006818419699557125,
  "epoch_losses": [
    1.2143249468803405,
    0.16917543390393258,
    0.023425817131996155,
    0.00467950220219791,
    0.0024507012367248537,
    0.001681747954338789,
    0.0012678032321855426,
    0.0010036104079335928,
    0.00081872753566131,
    0.0006818419699557125
  ],
  "train_correct": 1000,
  "train_total": 1000,
  "train_exact_match": 1.0,
  "test_correct": 100,
  "test_total": 100,
  "test_exact_match": 1.0,
  "test_char_accuracy": 1.0,
  "parameter_count": 2048782,
  "duration_seconds": 14.380623708944768
}
